Asta,2020-12-21 11:00:00+01:00,2020-12-21 12:00:00+01:00,None,None
Asta - nytt trix,2021-01-04 11:00:00+01:00,2021-01-04 12:00:00+01:00,None,None
Asta - berikning (naturliga beteenden),2021-01-06 11:00:00+01:00,2021-01-06 12:00:00+01:00,None,None
"Asta - dogparkour, utmaning",2021-01-07 11:00:00+01:00,2021-01-07 12:00:00+01:00,None,None
"Asta - lydnad (stanna, inkallning)",2021-01-08 11:00:00+01:00,2021-01-08 12:00:00+01:00,None,None
Asta,2020-12-21 07:00:00+01:00,2020-12-21 08:00:00+01:00,None,None
Asta,2020-12-30 14:00:00+01:00,2020-12-30 15:00:00+01:00,None,None
Asta,2021-01-12 06:00:00+01:00,2021-01-12 07:30:00+01:00,None,None
Asta,2021-01-13 06:00:00+01:00,2021-01-13 07:30:00+01:00,None,None
Asta,2021-01-29 06:00:00+01:00,2021-01-29 08:00:00+01:00,None,None
Asta - problemlösning,2021-01-11 11:00:00+01:00,2021-01-11 12:00:00+01:00,None,None
Asta - berikning,2021-01-12 11:00:00+01:00,2021-01-12 12:00:00+01:00,None,None
Asta - nytt trix (rally?),2021-01-13 11:00:00+01:00,2021-01-13 12:00:00+01:00,None,None
Asta - dogparkour,2021-01-14 11:00:00+01:00,2021-01-14 12:00:00+01:00,None,None
Asta - dogparkour,2021-01-14 11:30:00+01:00,2021-01-14 12:30:00+01:00,None,None
Asta - klöjvning/jogging,2021-01-15 11:00:00+01:00,2021-01-15 12:00:00+01:00,None,None
Asta - nosarbete,2021-01-05 11:00:00+01:00,2021-01-05 12:00:00+01:00,None,None
Asta,2021-02-01 07:30:00+01:00,2021-02-01 09:00:00+01:00,None,None
Asta,2021-02-04 11:30:00+01:00,2021-02-04 13:00:00+01:00,None,None
Asta,2021-02-15 11:30:00+01:00,2021-02-15 13:00:00+01:00,None,None
Asta,2021-02-16 07:30:00+01:00,2021-02-16 08:30:00+01:00,None,None
Asta - problemlösning,2021-02-08 11:30:00+01:00,2021-02-08 12:00:00+01:00,None,None
Asta - berikning,2021-02-09 11:30:00+01:00,2021-02-09 12:00:00+01:00,None,None
Asta - nytt trix (rally?),2021-02-10 11:30:00+01:00,2021-02-10 12:00:00+01:00,None,None
Asta - dogparkour,2021-02-11 11:30:00+01:00,2021-02-11 12:00:00+01:00,None,None
Asta - klöjvning/jogging,2021-02-12 11:30:00+01:00,2021-02-12 12:00:00+01:00,None,None
Asta - nytt trix,2021-02-01 11:30:00+01:00,2021-02-01 12:00:00+01:00,None,None
Asta - nytt trix,2021-02-15 15:30:00+01:00,2021-02-15 16:00:00+01:00,None,None
Asta - nosarbete,2021-02-02 11:30:00+01:00,2021-02-02 12:00:00+01:00,None,None
Asta - nosarbete,2021-02-16 14:30:00+01:00,2021-02-16 15:30:00+01:00,None,None
Asta - berikning (naturliga beteenden),2021-02-03 11:30:00+01:00,2021-02-03 12:00:00+01:00,None,None
Asta - berikning (naturliga beteenden),2021-02-17 12:00:00+01:00,2021-02-17 12:30:00+01:00,None,None
"Asta - dogparkour, utmaning",2021-02-04 11:30:00+01:00,2021-02-04 12:00:00+01:00,None,None
"Asta - dogparkour, utmaning",2021-02-04 14:00:00+01:00,2021-02-04 14:30:00+01:00,None,None
"Asta - lydnad (stanna, inkallning)",2021-02-05 11:30:00+01:00,2021-02-05 12:00:00+01:00,None,None
Asta - berikning,2021-02-23 14:30:00+01:00,2021-02-23 15:30:00+01:00,None,None
Asta - berikning,2021-02-23 12:30:00+01:00,2021-02-23 13:30:00+01:00,None,None
Asta - dogparkour,2021-02-25 14:30:00+01:00,2021-02-25 15:30:00+01:00,None,None
Asta - nosarbete,2021-03-02 11:30:00+01:00,2021-03-02 12:30:00+01:00,None,None
"Asta - dogparkour, utmaning",2021-03-04 11:30:00+01:00,2021-03-04 12:30:00+01:00,None,None
"Asta - dogparkour, utmaning",2021-03-04 11:00:00+01:00,2021-03-04 12:00:00+01:00,None,None
Asta - nytt trix,2021-03-01 14:30:00+01:00,2021-03-01 15:30:00+01:00,None,None
Asta - berikning (naturliga beteenden),2021-03-03 14:30:00+01:00,2021-03-03 15:30:00+01:00,None,None
Asta - berikning (naturliga beteenden),2021-03-03 11:30:00+01:00,2021-03-03 12:30:00+01:00,None,None
"Asta - lydnad (stanna, inkallning)",2021-03-05 14:30:00+01:00,2021-03-05 15:30:00+01:00,None,None
"Asta - lydnad (stanna, inkallning)",2021-03-05 11:00:00+01:00,2021-03-05 12:00:00+01:00,None,None
Asta - nosarbete,2021-03-16 11:00:00+01:00,2021-03-16 12:00:00+01:00,None,None
"Asta - dogparkour, utmaning",2021-03-18 11:00:00+01:00,2021-03-18 12:00:00+01:00,None,None
"Asta - dogparkour, utmaning",2021-04-01 12:30:00+02:00,2021-04-01 13:30:00+02:00,None,None
Asta - problemlösning,2021-02-22 14:30:00+01:00,2021-02-22 15:30:00+01:00,None,None
Asta - nytt trix (rally?),2021-02-24 14:30:00+01:00,2021-02-24 15:30:00+01:00,None,None
Asta - nytt trix (rally?),2021-03-10 12:00:00+01:00,2021-03-10 13:00:00+01:00,None,None
Asta - nytt trix (rally?),2021-03-24 12:00:00+01:00,2021-03-24 13:00:00+01:00,None,None
Asta - klöjvning/jogging,2021-02-26 13:30:00+01:00,2021-02-26 14:30:00+01:00,None,None
Asta - nytt trix (rally?),2021-04-07 11:00:00+02:00,2021-04-07 12:00:00+02:00,None,None
Asta - klöjvning/jogging,2021-04-09 11:00:00+02:00,2021-04-09 12:00:00+02:00,None,None
Asta - problemlösning,2021-04-19 11:00:00+02:00,2021-04-19 12:00:00+02:00,None,None
Asta - berikning,2021-03-09 11:00:00+01:00,2021-03-09 12:00:00+01:00,None,None
Asta - berikning,2021-03-09 12:00:00+01:00,2021-03-09 13:00:00+01:00,None,None
Asta - dogparkour,2021-03-11 11:00:00+01:00,2021-03-11 12:00:00+01:00,None,None
Asta - dogparkour,2021-03-11 12:00:00+01:00,2021-03-11 13:00:00+01:00,None,None
Asta - klöjvning/jogging,2021-04-23 11:00:00+02:00,2021-04-23 12:00:00+02:00,None,None
Asta - nytt trix,2021-04-12 11:00:00+02:00,2021-04-12 12:00:00+02:00,None,None
Asta - nytt trix,2021-05-10 12:00:00+02:00,2021-05-10 13:00:00+02:00,None,None
Asta - berikning (naturliga beteenden),2021-04-14 11:00:00+02:00,2021-04-14 12:00:00+02:00,None,None
Asta - berikning (naturliga beteenden),2021-04-14 10:00:00+02:00,2021-04-14 11:00:00+02:00,None,None
Asta - dogparkour,2021-03-25 10:30:00+01:00,2021-03-25 11:30:00+01:00,None,None
Asta - nytt trix (rally?),2021-04-21 11:00:00+02:00,2021-04-21 12:00:00+02:00,None,None
Asta - nytt trix (rally?),2021-05-19 11:30:00+02:00,2021-05-19 12:30:00+02:00,None,None
Asta - nosarbete,2021-04-13 14:30:00+02:00,2021-04-13 15:30:00+02:00,None,None
"Asta - dogparkour, utmaning",2021-04-15 14:30:00+02:00,2021-04-15 15:30:00+02:00,None,None
"Asta - dogparkour, utmaning",2021-04-16 14:30:00+02:00,2021-04-16 15:30:00+02:00,None,None
"Asta - lydnad (stanna, inkallning)",2021-04-16 11:00:00+02:00,2021-04-16 12:00:00+02:00,None,None
"Asta - lydnad (stanna, inkallning)",2021-04-15 11:00:00+02:00,2021-04-15 12:00:00+02:00,None,None
Asta - problemlösning,2021-01-16 09:00:00+01:00,2021-01-16 11:00:00+01:00,None,None
Asta - problemlösning,2021-01-16 07:00:00+01:00,2021-01-16 09:00:00+01:00,None,None
Asta - problemlösning,2021-01-30 14:00:00+01:00,2021-01-30 16:30:00+01:00,None,None
Asta - problemlösning,2021-02-13 12:00:00+01:00,2021-02-13 14:00:00+01:00,None,None
Asta - problemlösning,2021-03-13 07:00:00+01:00,2021-03-13 09:00:00+01:00,None,None
Asta - problemlösning,2021-04-24 08:00:00+02:00,2021-04-24 10:00:00+02:00,None,None
"Asta - långpromenad, berikning",2021-01-17 09:00:00+01:00,2021-01-17 11:00:00+01:00,None,None
"Asta - långpromenad, berikning",2021-01-31 07:45:00+01:00,2021-01-31 09:30:00+01:00,None,None
"Asta - långpromenad, berikning",2021-04-25 07:00:00+02:00,2021-04-25 09:00:00+02:00,None,None
Asta - problemlösning,2021-05-17 11:30:00+02:00,2021-05-17 12:30:00+02:00,None,None
Asta - berikning,2021-05-18 11:30:00+02:00,2021-05-18 12:30:00+02:00,None,None
Asta - dogparkour,2021-05-20 11:30:00+02:00,2021-05-20 12:30:00+02:00,None,None
Asta - klöjvning/jogging,2021-05-21 11:30:00+02:00,2021-05-21 12:30:00+02:00,None,None
Asta - problemlösning,2021-05-31 11:00:00+02:00,2021-05-31 12:00:00+02:00,None,None
Asta - problemlösning,2021-05-31 12:00:00+02:00,2021-05-31 13:00:00+02:00,None,None
Asta - berikning,2021-06-01 11:00:00+02:00,2021-06-01 12:00:00+02:00,None,None
Asta - nytt trix (rally?),2021-06-02 11:00:00+02:00,2021-06-02 12:00:00+02:00,None,None
Asta - dogparkour,2021-06-03 11:00:00+02:00,2021-06-03 12:00:00+02:00,None,None
Asta - klöjvning/jogging,2021-06-04 11:00:00+02:00,2021-06-04 12:00:00+02:00,None,None
Asta - nytt trix,2021-05-24 11:00:00+02:00,2021-05-24 12:00:00+02:00,None,None
Asta - nosarbete,2021-05-25 11:00:00+02:00,2021-05-25 12:00:00+02:00,None,None
Asta - nosarbete,2021-06-08 11:45:00+02:00,2021-06-08 12:45:00+02:00,None,None
"Asta - dogparkour, utmaning",2021-05-27 11:00:00+02:00,2021-05-27 12:00:00+02:00,None,None
"Asta - lydnad (stanna, inkallning)",2021-05-28 11:00:00+02:00,2021-05-28 12:00:00+02:00,None,None
Asta - berikning (naturliga beteenden),2021-05-26 11:00:00+02:00,2021-05-26 12:00:00+02:00,None,None
Asta - nytt trix,2021-07-05 11:30:00+02:00,2021-07-05 12:00:00+02:00,None,None
Asta - nosarbete,2021-07-06 11:30:00+02:00,2021-07-06 12:00:00+02:00,None,None
Asta - berikning (naturliga beteenden),2021-07-07 11:30:00+02:00,2021-07-07 12:00:00+02:00,None,None
"Asta - dogparkour, utmaning",2021-07-08 11:30:00+02:00,2021-07-08 12:00:00+02:00,None,None
"Asta - lydnad (stanna, inkallning)",2021-07-09 11:30:00+02:00,2021-07-09 12:00:00+02:00,None,None
Asta - problemlösning,2021-07-12 11:30:00+02:00,2021-07-12 12:00:00+02:00,None,None
Asta,2021-07-05 14:30:00+02:00,2021-07-05 15:30:00+02:00,None,None
Asta,2021-07-12 15:00:00+02:00,2021-07-12 16:00:00+02:00,None,None
Asta,2021-07-13 11:00:00+02:00,2021-07-13 12:00:00+02:00,None,None
Asta,2021-07-14 11:00:00+02:00,2021-07-14 12:00:00+02:00,None,None
Asta,2021-07-15 14:30:00+02:00,2021-07-15 15:30:00+02:00,None,None
Asta - nytt trix,2021-07-19 11:00:00+02:00,2021-07-19 12:00:00+02:00,None,None
Asta - nosarbete,2021-07-20 11:00:00+02:00,2021-07-20 12:00:00+02:00,None,None
"Asta - dogparkour, utmaning",2021-07-22 11:00:00+02:00,2021-07-22 12:00:00+02:00,None,None
Asta - problemlösning,2021-07-26 11:00:00+02:00,2021-07-26 12:00:00+02:00,None,None
Asta - berikning,2021-07-27 11:00:00+02:00,2021-07-27 12:00:00+02:00,None,None
Asta - dogparkour,2021-07-15 11:00:00+02:00,2021-07-15 11:30:00+02:00,None,None
Asta - dogparkour,2021-07-29 11:00:00+02:00,2021-07-29 12:00:00+02:00,None,None
Asta - klöjvning/jogging,2021-07-16 11:00:00+02:00,2021-07-16 11:30:00+02:00,None,None
Asta - klöjvning/jogging,2021-07-30 11:00:00+02:00,2021-07-30 12:00:00+02:00,None,None
Asta - nytt trix (rally?),2021-07-28 11:00:00+02:00,2021-07-28 12:00:00+02:00,None,None
Asta - berikning (naturliga beteenden),2021-07-21 11:00:00+02:00,2021-07-21 12:00:00+02:00,None,None
"Asta - lydnad (stanna, inkallning)",2021-07-23 11:00:00+02:00,2021-07-23 12:00:00+02:00,None,None
Asta - nytt trix,2021-08-02 14:30:00+02:00,2021-08-02 15:30:00+02:00,None,None
Asta - nosarbete,2021-08-03 14:30:00+02:00,2021-08-03 15:30:00+02:00,None,None
"Asta - dogparkour, utmaning",2021-08-05 14:30:00+02:00,2021-08-05 15:30:00+02:00,None,None
Asta - problemlösning,2021-08-09 11:00:00+02:00,2021-08-09 12:00:00+02:00,None,None
Asta - berikning,2021-08-10 11:00:00+02:00,2021-08-10 12:00:00+02:00,None,None
Asta - nytt trix,2021-08-16 11:00:00+02:00,2021-08-16 12:00:00+02:00,None,None
Asta - nosarbete,2021-08-17 11:00:00+02:00,2021-08-17 12:00:00+02:00,None,None
Asta - berikning (naturliga beteenden),2021-08-18 11:00:00+02:00,2021-08-18 12:00:00+02:00,None,None
Asta - berikning (naturliga beteenden),2021-09-01 11:15:00+02:00,2021-09-01 12:15:00+02:00,None,None
"Asta - dogparkour, utmaning",2021-08-19 11:00:00+02:00,2021-08-19 12:00:00+02:00,None,None
"Asta - lydnad (stanna, inkallning)",2021-08-20 11:00:00+02:00,2021-08-20 12:00:00+02:00,None,None
"Asta - lydnad (stanna, inkallning)",2021-08-20 10:15:00+02:00,2021-08-20 11:15:00+02:00,None,None
Asta - nytt trix (rally?),2021-08-11 11:00:00+02:00,2021-08-11 12:00:00+02:00,None,None
Asta - nytt trix (rally?),2021-09-08 10:30:00+02:00,2021-09-08 11:30:00+02:00,None,None
Asta - dogparkour,2021-08-12 11:00:00+02:00,2021-08-12 12:00:00+02:00,None,None
Asta - dogparkour,2021-09-09 10:30:00+02:00,2021-09-09 11:30:00+02:00,None,None
Asta - klöjvning/jogging,2021-08-13 11:00:00+02:00,2021-08-13 12:00:00+02:00,None,None
Asta - klöjvning/jogging,2021-09-10 10:30:00+02:00,2021-09-10 11:30:00+02:00,None,None
Asta hos Lollo,2021-09-17 07:00:00+00:00,2021-09-17 10:00:00+00:00,None,None
Asta hos mormor,2021-09-17 12:30:00+00:00,2021-09-17 15:30:00+00:00,None,None
Asta - problemlösning,2021-09-06 10:30:00+02:00,2021-09-06 11:30:00+02:00,None,None
Asta - berikning,2021-09-07 10:30:00+02:00,2021-09-07 11:30:00+02:00,None,None
Asta - nytt trix (rally?),2021-09-22 10:30:00+02:00,2021-09-22 11:30:00+02:00,None,None
Asta - dogparkour,2021-09-23 10:30:00+02:00,2021-09-23 11:30:00+02:00,None,None
Asta - klöjvning/jogging,2021-09-24 10:30:00+02:00,2021-09-24 11:30:00+02:00,None,None
Asta - nytt trix,2021-09-13 10:30:00+02:00,2021-09-13 11:30:00+02:00,None,None
Asta - nosarbete,2021-09-14 10:30:00+02:00,2021-09-14 11:30:00+02:00,None,None
Asta - berikning (naturliga beteenden),2021-09-15 10:30:00+02:00,2021-09-15 11:30:00+02:00,None,None
"Asta - dogparkour, utmaning",2021-09-16 10:30:00+02:00,2021-09-16 11:30:00+02:00,None,None
"Asta - dogparkour, utmaning",2021-09-16 11:30:00+02:00,2021-09-16 12:30:00+02:00,None,None
"Asta - lydnad (stanna, inkallning)",2021-09-17 10:30:00+02:00,2021-09-17 11:30:00+02:00,None,None
Asta - problemlösning,2021-10-18 11:00:00+02:00,2021-10-18 12:00:00+02:00,None,None
Asta - berikning,2021-10-19 11:00:00+02:00,2021-10-19 12:00:00+02:00,None,None
Asta - nytt trix (rally?),2021-10-20 11:00:00+02:00,2021-10-20 12:00:00+02:00,None,None
Asta - dogparkour,2021-10-21 11:00:00+02:00,2021-10-21 12:00:00+02:00,None,None
Asta - klöjvning/jogging,2021-10-22 11:00:00+02:00,2021-10-22 12:00:00+02:00,None,None
Asta - nosarbete,2021-10-26 11:00:00+02:00,2021-10-26 12:00:00+02:00,None,None
Asta - berikning (naturliga beteenden),2021-10-27 11:00:00+02:00,2021-10-27 12:00:00+02:00,None,None
"Asta - dogparkour, utmaning",2021-10-28 11:00:00+02:00,2021-10-28 12:00:00+02:00,None,None
"Asta - lydnad (stanna, inkallning)",2021-10-29 11:00:00+02:00,2021-10-29 12:00:00+02:00,None,None
Asta - nytt trix,2021-10-25 11:00:00+02:00,2021-10-25 12:00:00+02:00,None,None
Asta - nytt trix,2021-11-08 10:30:00+01:00,2021-11-08 11:30:00+01:00,None,None
Asta,2021-02-22 06:30:00+01:00,2021-02-22 08:00:00+01:00,None,None
Asta,2021-03-24 06:30:00+01:00,2021-03-24 08:00:00+01:00,None,None
Asta,2021-03-25 06:00:00+01:00,2021-03-25 08:00:00+01:00,None,None
Asta,2021-04-21 06:30:00+02:00,2021-04-21 07:30:00+02:00,None,None
Asta,2021-08-03 06:30:00+02:00,2021-08-03 08:30:00+02:00,None,None
Asta,2021-08-04 06:00:00+02:00,2021-08-04 08:00:00+02:00,None,None
Asta,2021-08-05 07:00:00+02:00,2021-08-05 09:00:00+02:00,None,None
Asta,2021-08-06 07:00:00+02:00,2021-08-06 09:00:00+02:00,None,None
Asta,2021-08-26 06:00:00+02:00,2021-08-26 07:30:00+02:00,None,None
Asta,2021-08-27 06:00:00+02:00,2021-08-27 07:30:00+02:00,None,None
Asta,2021-11-02 05:30:00+01:00,2021-11-02 07:00:00+01:00,None,None
Asta,2021-11-30 06:30:00+01:00,2021-11-30 07:15:00+01:00,None,None
Asta,2021-12-01 06:45:00+01:00,2021-12-01 07:30:00+01:00,None,None
Asta,2021-11-03 06:30:00+01:00,2021-11-03 08:00:00+01:00,None,None
Asta - nytt trix,2021-11-22 10:30:00+01:00,2021-11-22 11:30:00+01:00,None,None
Asta - nosarbete,2021-11-09 10:30:00+01:00,2021-11-09 11:30:00+01:00,None,None
Asta - berikning (naturliga beteenden),2021-11-10 10:30:00+01:00,2021-11-10 11:30:00+01:00,None,None
"Asta - dogparkour, utmaning",2021-11-11 10:30:00+01:00,2021-11-11 11:30:00+01:00,None,None
"Asta - lydnad (stanna, inkallning)",2021-11-12 10:30:00+01:00,2021-11-12 11:30:00+01:00,None,None
Asta - problemlösning,2021-11-01 10:30:00+01:00,2021-11-01 11:30:00+01:00,None,None
Asta - berikning,2021-11-02 10:30:00+01:00,2021-11-02 11:30:00+01:00,None,None
Asta - nytt trix (rally?),2021-11-03 10:30:00+01:00,2021-11-03 11:30:00+01:00,None,None
Asta - dogparkour,2021-11-04 10:30:00+01:00,2021-11-04 11:30:00+01:00,None,None
Asta - klöjvning/jogging,2021-11-05 10:30:00+01:00,2021-11-05 11:30:00+01:00,None,None
Asta,2022-01-05 05:00:00+00:00,2022-01-05 07:00:00+00:00,None,None
Asta,2021-12-06 10:00:00+01:00,2021-12-06 11:30:00+01:00,None,None
Asta - löpning (snö),2021-12-10 07:30:00+01:00,2021-12-10 08:30:00+01:00,None,None
Asta,2021-12-13 09:30:00+01:00,2021-12-13 11:30:00+01:00,None,None
Asta,2021-12-17 10:00:00+01:00,2021-12-17 11:00:00+01:00,None,None
Asta,2021-12-27 10:00:00+01:00,2021-12-27 11:00:00+01:00,None,None
Asta - problemlösning,2021-12-13 13:00:00+01:00,2021-12-13 13:30:00+01:00,None,None
Asta - berikning,2021-12-14 13:00:00+01:00,2021-12-14 13:30:00+01:00,None,None
Asta - nytt trix (rally?),2021-12-15 13:00:00+01:00,2021-12-15 13:30:00+01:00,None,None
Asta - dogparkour,2021-12-16 13:00:00+01:00,2021-12-16 13:30:00+01:00,None,None
Asta - klöjvning/jogging,2021-12-17 13:00:00+01:00,2021-12-17 13:30:00+01:00,None,None
Asta - klöjvning/jogging,2021-12-17 12:00:00+01:00,2021-12-17 13:00:00+01:00,None,None
Asta,2021-12-27 13:30:00+01:00,2021-12-27 14:00:00+01:00,None,None
Asta - nytt trix,2021-12-06 13:00:00+01:00,2021-12-06 13:30:00+01:00,None,None
Asta - nosarbete,2021-12-07 13:00:00+01:00,2021-12-07 13:30:00+01:00,None,None
Asta - berikning (naturliga beteenden),2021-12-08 13:00:00+01:00,2021-12-08 13:30:00+01:00,None,None
"Asta - dogparkour, utmaning",2021-12-09 13:00:00+01:00,2021-12-09 13:30:00+01:00,None,None
"Asta - lydnad (stanna, inkallning)",2021-12-10 13:00:00+01:00,2021-12-10 13:30:00+01:00,None,None
"Asta - lydnad (stanna, inkallning)",2021-12-10 11:30:00+01:00,2021-12-10 12:00:00+01:00,None,None
Asta,2022-01-10 12:30:00+01:00,2022-01-10 13:00:00+01:00,None,None
Asta,2022-01-13 11:30:00+01:00,2022-01-13 12:00:00+01:00,None,None
Asta,2022-01-10 07:30:00+01:00,2022-01-10 09:00:00+01:00,None,None
Asta,2022-01-12 09:00:00+01:00,2022-01-12 10:00:00+01:00,None,None
Asta,2022-01-13 07:00:00+01:00,2022-01-13 08:30:00+01:00,None,None
Asta,2022-01-17 10:30:00+01:00,2022-01-17 11:30:00+01:00,None,None
Asta,2022-01-18 10:30:00+01:00,2022-01-18 11:30:00+01:00,None,None
Asta,2022-01-18 10:00:00+01:00,2022-01-18 11:00:00+01:00,None,None
Asta,2022-01-17 14:30:00+01:00,2022-01-17 15:30:00+01:00,None,None
Asta,2022-01-17 07:30:00+01:00,2022-01-17 08:30:00+01:00,None,None
Asta,2022-01-19 14:15:00+01:00,2022-01-19 15:15:00+01:00,None,None
Asta,2022-01-20 14:00:00+01:00,2022-01-20 15:00:00+01:00,None,None
Asta,2022-01-26 13:00:00+01:00,2022-01-26 14:00:00+01:00,None,None
Asta,2022-01-27 12:30:00+01:00,2022-01-27 13:30:00+01:00,None,None
Asta,2022-01-28 13:00:00+01:00,2022-01-28 14:00:00+01:00,None,None
Asta,2022-01-31 12:15:00+01:00,2022-01-31 13:15:00+01:00,None,None
Asta,2022-02-02 13:30:00+01:00,2022-02-02 14:30:00+01:00,None,None
Asta,2022-02-03 14:00:00+01:00,2022-02-03 15:00:00+01:00,None,None
Asta,2022-02-07 10:30:00+01:00,2022-02-07 12:00:00+01:00,None,None
Asta,2022-01-19 10:00:00+01:00,2022-01-19 11:00:00+01:00,None,None
Asta,2022-01-21 09:00:00+01:00,2022-01-21 10:00:00+01:00,None,None
Asta,2022-01-25 09:30:00+01:00,2022-01-25 11:00:00+01:00,None,None
Asta,2022-01-26 09:30:00+01:00,2022-01-26 10:30:00+01:00,None,None
Asta,2022-01-27 10:00:00+01:00,2022-01-27 11:00:00+01:00,None,None
Asta,2022-01-28 10:15:00+01:00,2022-01-28 11:15:00+01:00,None,None
Asta,2022-01-31 09:30:00+01:00,2022-01-31 10:30:00+01:00,None,None
Asta - problemlösning,2022-01-10 12:00:00+01:00,2022-01-10 12:30:00+01:00,None,None
Asta - berikning,2022-01-11 12:00:00+01:00,2022-01-11 12:30:00+01:00,None,None
Asta - nytt trix (rally?),2022-01-12 12:00:00+01:00,2022-01-12 12:30:00+01:00,None,None
Asta,2022-02-07 14:30:00+01:00,2022-02-07 15:30:00+01:00,None,None
Asta,2022-02-07 14:30:00+01:00,2022-02-07 16:00:00+01:00,None,None
Asta - dogparkour,2022-01-13 12:00:00+01:00,2022-01-13 12:30:00+01:00,None,None
Asta - dogparkour,2022-01-13 11:00:00+01:00,2022-01-13 11:30:00+01:00,None,None
Asta - klöjvning/jogging,2022-01-14 12:00:00+01:00,2022-01-14 12:30:00+01:00,None,None
Asta - nytt trix,2022-01-17 10:30:00+01:00,2022-01-17 11:00:00+01:00,None,None
Asta - nosarbete,2022-01-18 10:30:00+01:00,2022-01-18 11:00:00+01:00,None,None
Asta - berikning (naturliga beteenden),2022-01-19 10:30:00+01:00,2022-01-19 11:00:00+01:00,None,None
"Asta - dogparkour, utmaning",2022-01-20 10:30:00+01:00,2022-01-20 11:00:00+01:00,None,None
"Asta - lydnad (stanna, inkallning)",2022-01-21 10:30:00+01:00,2022-01-21 11:00:00+01:00,None,None
Asta,2022-02-10 07:00:00+01:00,2022-02-10 08:30:00+01:00,None,None
Asta,2022-02-11 09:00:00+01:00,2022-02-11 10:00:00+01:00,None,None
Asta,2022-02-09 14:30:00+01:00,2022-02-09 15:30:00+01:00,None,None
Asta,2022-02-14 10:30:00+01:00,2022-02-14 12:00:00+01:00,None,None
Asta,2022-02-14 09:15:00+01:00,2022-02-14 10:30:00+01:00,None,None
Asta,2022-02-15 07:30:00+01:00,2022-02-15 08:30:00+01:00,None,None
Asta,2022-02-16 09:15:00+01:00,2022-02-16 10:45:00+01:00,None,None
Asta,2022-02-17 07:30:00+01:00,2022-02-17 08:30:00+01:00,None,None
Asta,2022-02-18 10:00:00+01:00,2022-02-18 12:00:00+01:00,None,None
Asta,2022-02-14 13:45:00+01:00,2022-02-14 14:45:00+01:00,None,None
Asta,2022-02-14 12:45:00+01:00,2022-02-14 13:45:00+01:00,None,None
Asta,2022-02-16 13:00:00+01:00,2022-02-16 14:00:00+01:00,None,None
Asta,2022-02-17 12:00:00+01:00,2022-02-17 13:00:00+01:00,None,None
Asta,2022-02-23 14:15:00+01:00,2022-02-23 15:15:00+01:00,None,None
Asta,2022-03-04 12:00:00+01:00,2022-03-04 13:00:00+01:00,None,None
Asta,2022-03-09 05:30:00+00:00,2022-03-09 06:30:00+00:00,None,None
Asta,2022-03-10 05:30:00+00:00,2022-03-10 07:00:00+00:00,None,None
Asta,2022-03-07 14:30:00+01:00,2022-03-07 15:30:00+01:00,None,None
Asta,2022-03-08 11:00:00+01:00,2022-03-08 12:30:00+01:00,None,None
Asta,2022-02-21 10:00:00+01:00,2022-02-21 11:30:00+01:00,None,None
Asta,2022-03-04 09:00:00+01:00,2022-03-04 10:30:00+01:00,None,None
Asta,2022-03-08 06:30:00+01:00,2022-03-08 07:40:00+01:00,None,None
Asta,2022-03-09 11:30:00+01:00,2022-03-09 12:30:00+01:00,None,None
Asta,2022-03-10 12:00:00+01:00,2022-03-10 13:30:00+01:00,None,None
Asta,2022-03-11 06:30:00+01:00,2022-03-11 08:00:00+01:00,None,None
Asta,2022-03-11 12:00:00+01:00,2022-03-11 13:00:00+01:00,None,None
Asta,2022-03-14 07:30:00+00:00,2022-03-14 08:40:00+00:00,None,None
Asta,2022-03-14 10:30:00+01:00,2022-03-14 12:00:00+01:00,None,None
Asta,2022-03-14 11:30:00+01:00,2022-03-14 13:00:00+01:00,None,None
Asta,2022-03-21 09:45:00+01:00,2022-03-21 10:45:00+01:00,None,None
Asta,2022-03-14 14:30:00+01:00,2022-03-14 16:00:00+01:00,None,None
Asta,2022-03-21 14:00:00+01:00,2022-03-21 15:30:00+01:00,None,None
Asta,2022-03-22 07:30:00+01:00,2022-03-22 08:30:00+01:00,None,None
Asta,2022-03-22 11:00:00+01:00,2022-03-22 12:30:00+01:00,None,None
Asta,2022-03-22 11:30:00+01:00,2022-03-22 13:00:00+01:00,None,None
Asta,2022-03-23 10:00:00+01:00,2022-03-23 11:00:00+01:00,None,None
Asta,2022-03-23 11:00:00+01:00,2022-03-23 12:00:00+01:00,None,None
Asta,2022-03-25 06:00:00+00:00,2022-03-25 07:10:00+00:00,None,None
Asta,2022-03-24 10:00:00+01:00,2022-03-24 11:30:00+01:00,None,None
Asta,2022-03-25 11:30:00+01:00,2022-03-25 13:00:00+01:00,None,None
Asta,2022-03-28 06:30:00+02:00,2022-03-28 08:00:00+02:00,None,None
Asta,2022-03-29 07:30:00+02:00,2022-03-29 09:00:00+02:00,None,None
Asta,2022-03-31 10:00:00+02:00,2022-03-31 11:30:00+02:00,None,None
Asta,2022-04-01 11:00:00+02:00,2022-04-01 12:00:00+02:00,None,None
Asta,2022-04-04 07:30:00+02:00,2022-04-04 09:00:00+02:00,None,None
Asta,2022-04-05 06:00:00+02:00,2022-04-05 07:15:00+02:00,None,None
Asta,2022-04-06 06:00:00+02:00,2022-04-06 07:15:00+02:00,None,None
Asta,2022-04-08 06:00:00+02:00,2022-04-08 07:30:00+02:00,None,None
Asta,2022-03-23 13:00:00+01:00,2022-03-23 14:00:00+01:00,None,None
Asta,2022-03-28 12:00:00+02:00,2022-03-28 13:30:00+02:00,None,None
Asta,2022-03-29 12:00:00+02:00,2022-03-29 13:00:00+02:00,None,None
Asta,2022-04-01 07:30:00+02:00,2022-04-01 09:00:00+02:00,None,None
Asta,2022-04-05 12:00:00+02:00,2022-04-05 13:30:00+02:00,None,None
Asta,2022-04-06 13:30:00+02:00,2022-04-06 15:00:00+02:00,None,None
Asta,2022-04-11 07:30:00+02:00,2022-04-11 09:00:00+02:00,None,None
Asta,2022-04-11 06:00:00+02:00,2022-04-11 07:30:00+02:00,None,None
Asta,2022-04-12 10:00:00+02:00,2022-04-12 11:00:00+02:00,None,None
Asta,2022-04-12 07:00:00+02:00,2022-04-12 08:00:00+02:00,None,None
Asta,2022-04-12 13:00:00+02:00,2022-04-12 14:30:00+02:00,None,None
Asta,2022-04-20 14:00:00+02:00,2022-04-20 15:30:00+02:00,None,None
Asta,2022-04-26 12:45:00+02:00,2022-04-26 14:00:00+02:00,None,None
Asta,2022-05-10 11:30:00+02:00,2022-05-10 12:30:00+02:00,None,None
Asta,2022-05-02 12:45:00+02:00,2022-05-02 13:45:00+02:00,None,None
Asta,2022-05-11 11:30:00+02:00,2022-05-11 12:30:00+02:00,None,None
Asta,2022-05-16 13:30:00+02:00,2022-05-16 14:30:00+02:00,None,None
Asta,2022-06-08 12:00:00+02:00,2022-06-08 13:00:00+02:00,None,None
Asta,2022-06-22 06:30:00+00:00,2022-06-22 07:30:00+00:00,None,None
Asta,2022-06-13 11:00:00+02:00,2022-06-13 12:00:00+02:00,None,None
Asta,2022-06-14 11:30:00+02:00,2022-06-14 12:30:00+02:00,None,None
Asta,2022-06-22 11:30:00+02:00,2022-06-22 12:30:00+02:00,None,None
Asta,2022-04-13 07:30:00+02:00,2022-04-13 09:00:00+02:00,None,None
Asta,2022-04-13 07:30:00+02:00,2022-04-13 08:30:00+02:00,None,None
Asta,2022-04-15 07:00:00+02:00,2022-04-15 09:00:00+02:00,None,None
Asta,2022-04-25 06:00:00+02:00,2022-04-25 07:30:00+02:00,None,None
Asta,2022-05-03 06:30:00+02:00,2022-05-03 08:00:00+02:00,None,None
Asta,2022-06-01 06:30:00+02:00,2022-06-01 08:00:00+02:00,None,None
Asta,2022-06-20 06:00:00+02:00,2022-06-20 07:30:00+02:00,None,None
Asta,2022-06-21 07:30:00+02:00,2022-06-21 09:00:00+02:00,None,None
Asta,2022-06-22 07:15:00+02:00,2022-06-22 07:45:00+02:00,None,None
Asta,2022-08-08 06:30:00+02:00,2022-08-08 08:00:00+02:00,None,None
Asta,2022-08-09 06:30:00+02:00,2022-08-09 08:00:00+02:00,None,None
Asta,2022-08-23 06:00:00+02:00,2022-08-23 07:30:00+02:00,None,None
Asta,2022-08-29 07:30:00+02:00,2022-08-29 09:00:00+02:00,None,None
Asta,2022-09-05 07:30:00+02:00,2022-09-05 08:30:00+02:00,None,None
Asta,2022-07-12 11:30:00+02:00,2022-07-12 12:30:00+02:00,None,None
Asta/Liv,2022-09-09 12:00:00+02:00,2022-09-09 13:00:00+02:00,None,None
Asta/Liv,2022-08-29 11:30:00+02:00,2022-08-29 12:30:00+02:00,None,None
Asta/Liv,2022-09-12 14:15:00+02:00,2022-09-12 15:15:00+02:00,None,None
Asta,2022-09-12 07:00:00+02:00,2022-09-12 08:00:00+02:00,None,None
Asta/Liv,2022-09-12 11:30:00+02:00,2022-09-12 12:00:00+02:00,None,None
Asta - problemlösning,2021-05-22 07:00:00+02:00,2021-05-22 09:00:00+02:00,None,None
Asta - problemlösning,2021-05-22 06:30:00+02:00,2021-05-22 08:30:00+02:00,None,None
Asta/Liv - problemlösning,2022-08-27 07:00:00+02:00,2022-08-27 09:00:00+02:00,None,None
"Asta - långpromenad, berikning",2021-05-23 07:00:00+02:00,2021-05-23 09:00:00+02:00,None,None
"Asta/Liv - långpromenad, berikning",2022-08-28 07:00:00+02:00,2022-08-28 09:00:00+02:00,None,None
Asta - långpromenad (i övrigt: vila),2021-01-09 09:00:00+01:00,2021-01-09 11:00:00+01:00,None,None
Asta - långpromenad (i övrigt: vila),2021-01-09 07:45:00+01:00,2021-01-09 09:45:00+01:00,None,None
Asta - långpromenad (i övrigt: vila),2021-03-20 07:00:00+01:00,2021-03-20 09:00:00+01:00,None,None
Asta - långpromenad (i övrigt: vila),2021-05-15 06:30:00+02:00,2021-05-15 08:30:00+02:00,None,None
Asta - långpromenad (i övrigt: vila),2021-05-29 06:30:00+02:00,2021-05-29 08:30:00+02:00,None,None
Asta - långpromenad (i övrigt: vila),2021-06-12 06:15:00+02:00,2021-06-12 08:15:00+02:00,None,None
Asta - långpromenad (i övrigt: vila),2021-07-10 06:00:00+02:00,2021-07-10 08:00:00+02:00,None,None
Asta - långpromenad (i övrigt: vila),2021-07-24 06:00:00+02:00,2021-07-24 08:00:00+02:00,None,None
Asta - långpromenad (i övrigt: vila),2021-08-07 06:30:00+02:00,2021-08-07 08:30:00+02:00,None,None
Asta - långpromenad (i övrigt: vila),2021-08-21 06:30:00+02:00,2021-08-21 08:30:00+02:00,None,None
Asta - långpromenad (i övrigt: vila),2021-09-04 06:00:00+02:00,2021-09-04 08:00:00+02:00,None,None
Asta - långpromenad (i övrigt: vila),2021-09-18 06:30:00+02:00,2021-09-18 08:30:00+02:00,None,None
Asta - långpromenad (i övrigt: vila),2021-10-02 07:00:00+02:00,2021-10-02 09:00:00+02:00,None,None
Asta - långpromenad (i övrigt: vila),2021-10-16 06:30:00+02:00,2021-10-16 08:30:00+02:00,None,None
Asta - långpromenad (i övrigt: vila),2021-11-27 06:30:00+01:00,2021-11-27 08:30:00+01:00,None,None
Asta - långpromenad (i övrigt: vila),2021-12-11 07:00:00+01:00,2021-12-11 09:00:00+01:00,None,None
Asta - långpromenad (i övrigt: vila),2022-01-08 06:00:00+01:00,2022-01-08 08:00:00+01:00,None,None
Asta - långpromenad (i övrigt: vila),2022-01-22 10:00:00+01:00,2022-01-22 12:00:00+01:00,None,None
Asta - långpromenad (i övrigt: vila),2022-02-05 06:00:00+01:00,2022-02-05 08:00:00+01:00,None,None
Asta - långpromenad (i övrigt: vila),2022-03-05 07:00:00+01:00,2022-03-05 09:00:00+01:00,None,None
Asta - långpromenad (i övrigt: vila),2022-04-16 08:00:00+02:00,2022-04-16 10:00:00+02:00,None,None
Asta - långpromenad (i övrigt: vila),2022-05-14 07:00:00+02:00,2022-05-14 09:00:00+02:00,None,None
Asta/Liv - långpromenad (i övrigt: vila),2022-09-03 09:00:00+02:00,2022-09-03 11:00:00+02:00,None,None
Asta - spårning eller nosarbete,2021-01-10 09:00:00+01:00,2021-01-10 11:00:00+01:00,None,None
Asta - spårning eller nosarbete,2021-01-10 07:00:00+01:00,2021-01-10 09:00:00+01:00,None,None
Asta - spårning eller nosarbete,2021-04-18 07:00:00+02:00,2021-04-18 09:00:00+02:00,None,None
Asta - spårning eller nosarbete,2021-05-16 07:00:00+02:00,2021-05-16 09:00:00+02:00,None,None
Asta - spårning eller nosarbete,2021-07-25 07:00:00+02:00,2021-07-25 09:00:00+02:00,None,None
Asta - spårning eller nosarbete,2021-08-08 07:00:00+02:00,2021-08-08 09:00:00+02:00,None,None
Asta - spårning eller nosarbete,2021-09-05 07:00:00+02:00,2021-09-05 09:00:00+02:00,None,None
Asta - spårning eller nosarbete,2021-10-03 07:00:00+02:00,2021-10-03 09:00:00+02:00,None,None
Asta - spårning eller nosarbete,2022-01-23 08:00:00+01:00,2022-01-23 10:00:00+01:00,None,None
Asta - spårning eller nosarbete,2022-03-06 08:00:00+01:00,2022-03-06 10:00:00+01:00,None,None
Asta - spårning eller nosarbete,2022-04-17 08:00:00+02:00,2022-04-17 10:00:00+02:00,None,None
Asta - spårning eller nosarbete,2022-05-29 07:00:00+02:00,2022-05-29 09:00:00+02:00,None,None
Asta/Liv - spårning eller nosarbete,2022-09-04 09:00:00+02:00,2022-09-04 11:00:00+02:00,None,None
Asta/Liv,2022-09-05 17:30:00+02:00,2022-09-05 18:00:00+02:00,None,None
Cardio Asta / Liv,2022-09-19 14:30:00+02:00,2022-09-19 15:00:00+02:00,None,None
Cardio Asta / Liv,2022-09-26 13:30:00+02:00,2022-09-26 14:00:00+02:00,None,None
Cardio Asta / Liv,2022-09-27 14:00:00+02:00,2022-09-27 14:30:00+02:00,None,None
Asta/Liv,2022-09-19 11:00:00+02:00,2022-09-19 12:00:00+02:00,None,None
Asta / Liv,2022-10-03 10:30:00+02:00,2022-10-03 11:30:00+02:00,None,None
Asta / Liv,2022-10-05 10:30:00+02:00,2022-10-05 11:30:00+02:00,None,None
Asta / Liv,2022-10-06 12:00:00+02:00,2022-10-06 13:00:00+02:00,None,None
Asta / Liv,2022-10-07 12:00:00+02:00,2022-10-07 13:00:00+02:00,None,None
Asta / Liv,2022-10-10 11:45:00+02:00,2022-10-10 12:45:00+02:00,None,None
Mental,2022-10-03 14:15:00+02:00,2022-10-03 15:00:00+02:00,None,None
Mental,2022-10-07 15:00:00+02:00,2022-10-07 16:00:00+02:00,None,None
Mental,2022-10-14 13:00:00+02:00,2022-10-14 14:00:00+02:00,None,None
Asta / Liv,2022-10-17 10:30:00+02:00,2022-10-17 11:30:00+02:00,None,None
Asta / Liv,2022-10-17 11:00:00+02:00,2022-10-17 12:00:00+02:00,None,None
Asta / Liv,2022-10-18 11:00:00+02:00,2022-10-18 12:00:00+02:00,None,None
Mental,2022-10-17 14:15:00+02:00,2022-10-17 15:15:00+02:00,None,None
Mental,2022-10-20 15:15:00+02:00,2022-10-20 16:15:00+02:00,None,None
Asta / Liv,2022-10-19 10:30:00+02:00,2022-10-19 11:30:00+02:00,None,None
Asta / Liv,2022-10-20 12:30:00+02:00,2022-10-20 13:30:00+02:00,None,None
Asta / Liv,2022-10-24 11:30:00+02:00,2022-10-24 13:00:00+02:00,None,None
Asta,2022-09-19 07:30:00+02:00,2022-09-19 08:30:00+02:00,None,None
Asta / Liv,2022-10-06 08:30:00+02:00,2022-10-06 09:30:00+02:00,None,None
Asta / Liv,2022-10-18 06:30:00+02:00,2022-10-18 08:00:00+02:00,None,None
Asta / Liv,2022-10-20 07:30:00+02:00,2022-10-20 09:00:00+02:00,None,None
Asta / Liv,2022-10-29 09:00:00+02:00,2022-10-29 10:30:00+02:00,None,None
Asta / Liv,2022-10-03 07:30:00+02:00,2022-10-03 08:30:00+02:00,None,None
Asta / Liv,2022-10-24 07:30:00+02:00,2022-10-24 09:00:00+02:00,None,None
Asta/Liv,2022-11-04 09:00:00+00:00,2022-11-04 09:30:00+00:00,None,None
Asta / Liv,2022-10-25 11:30:00+02:00,2022-10-25 13:00:00+02:00,None,None
Asta / Liv,2022-10-29 13:00:00+02:00,2022-10-29 14:30:00+02:00,None,None
Asta / Liv,2022-11-04 12:00:00+01:00,2022-11-04 13:00:00+01:00,None,None
Asta/Liv,2022-11-07 14:30:00+01:00,2022-11-07 15:00:00+01:00,None,None
Asta/Liv,2022-11-14 15:00:00+01:00,2022-11-14 15:30:00+01:00,None,None
Asta / Liv,2022-11-07 11:30:00+01:00,2022-11-07 12:30:00+01:00,None,None
Asta / Liv,2022-11-14 12:00:00+01:00,2022-11-14 13:00:00+01:00,None,None
Asta/Liv,2022-11-17 14:45:00+01:00,2022-11-17 15:15:00+01:00,None,None
Asta / Liv,2022-11-21 12:00:00+01:00,2022-11-21 13:00:00+01:00,None,None
Asta / Liv,2022-11-28 12:30:00+01:00,2022-11-28 13:30:00+01:00,None,None
Asta/Liv,2022-11-21 14:30:00+01:00,2022-11-21 15:00:00+01:00,None,None
Asta/Liv,2022-12-12 15:00:00+00:00,2022-12-12 16:00:00+00:00,None,None
Asta / Liv,2022-12-05 12:00:00+01:00,2022-12-05 13:30:00+01:00,None,None
Asta / Liv,2022-12-12 13:30:00+01:00,2022-12-12 14:00:00+01:00,None,None
Asta/Liv,2022-12-06 12:00:00+01:00,2022-12-06 13:30:00+01:00,None,None
Asta / Liv,2022-12-05 07:30:00+01:00,2022-12-05 08:30:00+01:00,None,None
Asta / Liv,2022-10-31 07:30:00+01:00,2022-10-31 09:00:00+01:00,None,None
Asta / Liv,2022-11-16 06:45:00+01:00,2022-11-16 08:15:00+01:00,None,None
Asta / Liv,2022-11-29 06:30:00+01:00,2022-11-29 08:00:00+01:00,None,None
Asta / Liv,2022-12-26 11:30:00+01:00,2022-12-26 13:00:00+01:00,None,None
Asta / Liv,2023-03-02 12:00:00+01:00,2023-03-02 13:30:00+01:00,None,None
Asta / Liv,2023-04-12 10:30:00+02:00,2023-04-12 12:00:00+02:00,None,None
Asta/Liv,2022-12-27 11:30:00+01:00,2022-12-27 13:00:00+01:00,None,None
Asta/Liv,2023-05-01 14:00:00+02:00,2023-05-01 15:00:00+02:00,None,None
Asta/Liv,2023-05-05 15:00:00+02:00,2023-05-05 16:00:00+02:00,None,None
Asta / Liv,2023-05-01 11:00:00+02:00,2023-05-01 12:00:00+02:00,None,None
Asta / Liv,2023-05-03 12:00:00+02:00,2023-05-03 13:30:00+02:00,None,None
Asta / Liv,2023-05-04 11:00:00+02:00,2023-05-04 12:30:00+02:00,None,None
Asta/Liv,2023-05-02 11:00:00+02:00,2023-05-02 12:30:00+02:00,None,None
Asta/Liv,2023-05-02 13:00:00+02:00,2023-05-02 14:30:00+02:00,None,None
Asta/Liv,2023-05-05 11:00:00+02:00,2023-05-05 12:00:00+02:00,None,None
Asta / Liv,2023-05-08 11:30:00+02:00,2023-05-08 13:00:00+02:00,None,None
Asta / Liv,2023-06-07 11:00:00+02:00,2023-06-07 12:30:00+02:00,None,None
Asta / Liv,2023-06-08 10:30:00+02:00,2023-06-08 12:00:00+02:00,None,None
Asta / Liv,2023-06-14 10:30:00+02:00,2023-06-14 12:00:00+02:00,None,None
Asta/Liv,2023-05-09 11:30:00+02:00,2023-05-09 13:00:00+02:00,None,None
Asta/Liv,2023-07-11 11:00:00+02:00,2023-07-11 12:30:00+02:00,None,None
Asta/Liv,2023-08-15 12:00:00+02:00,2023-08-15 13:30:00+02:00,None,None
Asta / Liv,2022-12-26 07:30:00+01:00,2022-12-26 09:00:00+01:00,None,None
Asta / Liv,2023-01-11 07:30:00+01:00,2023-01-11 09:00:00+01:00,None,None
Asta / Liv,2023-01-29 07:30:00+01:00,2023-01-29 09:00:00+01:00,None,None
Asta / Liv,2023-02-07 07:30:00+01:00,2023-02-07 09:00:00+01:00,None,None
Asta / Liv,2023-03-02 07:30:00+01:00,2023-03-02 09:00:00+01:00,None,None
Asta / Liv,2023-03-14 07:30:00+01:00,2023-03-14 09:00:00+01:00,None,None
Asta / Liv,2023-04-12 07:30:00+02:00,2023-04-12 09:00:00+02:00,None,None
Asta / Liv,2023-06-07 07:30:00+02:00,2023-06-07 09:00:00+02:00,None,None
Asta / Liv,2023-06-19 07:30:00+02:00,2023-06-19 09:00:00+02:00,None,None
Asta / Liv / Aston,2023-10-30 07:30:00+01:00,2023-10-30 09:00:00+01:00,None,None
Asta / Liv / Aston,2023-11-06 06:30:00+01:00,2023-11-06 08:00:00+01:00,None,None
Liv / Aston,2023-11-06 15:00:00+01:00,2023-11-06 15:30:00+01:00,None,None
Liv / Aston,2023-11-10 14:40:00+01:00,2023-11-10 15:10:00+01:00,None,None
Asta / Liv / Aston,2024-01-15 06:30:00+01:00,2024-01-15 08:00:00+01:00,None,None
Asta / Liv / Aston,2024-04-22 06:00:00+02:00,2024-04-22 07:00:00+02:00,None,None
Asta / Liv / Aston,2024-01-22 07:30:00+01:00,2024-01-22 09:00:00+01:00,None,None
Asta / Liv / Aston,2024-04-22 09:00:00+02:00,2024-04-22 09:30:00+02:00,None,None
Asta / Liv / Aston,2024-04-29 08:30:00+02:00,2024-04-29 09:00:00+02:00,None,None
Asta / Liv / Aston,2024-04-22 15:00:00+02:00,2024-04-22 15:30:00+02:00,None,None
Asta / Liv,2023-07-10 11:30:00+02:00,2023-07-10 13:00:00+02:00,None,None
Asta / Liv,2023-10-16 12:00:00+02:00,2023-10-16 13:30:00+02:00,None,None
Asta / Liv / Aston,2023-12-14 10:30:00+01:00,2023-12-14 12:00:00+01:00,None,None
Asta / Liv / Aston,2023-10-30 11:30:00+01:00,2023-10-30 13:00:00+01:00,None,None
Asta/Liv,2023-08-18 11:30:00+02:00,2023-08-18 13:00:00+02:00,None,None
Asta / Liv / Aston,2023-11-07 11:30:00+01:00,2023-11-07 13:00:00+01:00,None,None
Asta / Liv / Aston,2024-07-08 17:30:00+02:00,2024-07-08 18:00:00+02:00,None,None
Asta / Liv / Aston,2024-07-15 18:00:00+02:00,2024-07-15 18:30:00+02:00,None,None
Asta / Liv / Aston,2024-07-08 11:30:00+02:00,2024-07-08 12:30:00+02:00,None,None
Asta / Liv / Aston,2024-07-09 11:30:00+02:00,2024-07-09 12:30:00+02:00,None,None
Asta / Liv / Aston,2024-04-29 05:00:00+02:00,2024-04-29 05:30:00+02:00,None,None
Asta / Liv / Aston,2024-07-15 12:00:00+02:00,2024-07-15 13:00:00+02:00,None,None
Asta / Liv / Aston,2024-08-10 11:30:00+02:00,2024-08-10 12:30:00+02:00,None,None
Asta / Liv / Aston,2024-07-16 12:00:00+02:00,2024-07-16 13:00:00+02:00,None,None
Asta / Liv / Aston,2024-07-22 05:00:00+02:00,2024-07-22 05:30:00+02:00,None,None
Asta / Liv / Aston,2024-08-13 09:30:00+02:00,2024-08-13 11:00:00+02:00,None,None
Asta / Liv / Aston,2024-10-15 09:00:00+02:00,2024-10-15 10:00:00+02:00,None,None
Asta / Liv / Aston,2024-11-09 11:00:00+01:00,2024-11-09 12:30:00+01:00,None,None
Asta / Liv / Aston,2024-08-12 09:30:00+02:00,2024-08-12 11:00:00+02:00,None,None
Asta / Liv / Aston,2024-10-07 11:15:00+02:00,2024-10-07 12:45:00+02:00,None,None
Asta / Liv / Aston,2024-10-16 08:00:00+02:00,2024-10-16 09:00:00+02:00,None,None
Asta / Liv / Aston,2024-10-17 08:00:00+02:00,2024-10-17 09:00:00+02:00,None,None
Asta / Liv / Aston,2024-09-30 13:00:00+02:00,2024-09-30 13:30:00+02:00,None,None
Asta / Liv / Aston,2024-10-15 11:30:00+02:00,2024-10-15 13:00:00+02:00,None,None
Asta / Liv / Aston,2024-10-16 11:00:00+02:00,2024-10-16 12:30:00+02:00,None,None
Asta / Liv / Aston,2024-10-17 12:00:00+02:00,2024-10-17 13:30:00+02:00,None,None
Asta / Liv / Aston,2024-08-12 15:30:00+02:00,2024-08-12 16:00:00+02:00,None,None
Asta / Liv / Aston,2024-08-12 04:00:00+02:00,2024-08-12 05:30:00+02:00,None,None
"WALK/8,41/443",2024-11-08 04:13:00+01:00,2024-11-08 05:58:00+01:00,None,None
"WALK/8,93/508",2024-11-04 04:41:00+01:00,2024-11-04 06:29:00+01:00,None,None
"WALK/7,65/454",2024-11-04 11:21:00+01:00,2024-11-04 13:00:00+01:00,None,None
"WALK/8,38/363",2024-11-05 04:25:00+01:00,2024-11-05 06:09:00+01:00,None,None
"WALK/7,38/428",2024-11-05 10:53:00+01:00,2024-11-05 12:41:00+01:00,None,None
Asta / Liv / Aston,2024-08-19 18:00:00+02:00,2024-08-19 18:30:00+02:00,None,None
"WALK/8,79/478",2024-11-06 04:22:00+01:00,2024-11-06 06:07:00+01:00,None,None
"WALK/7,58/438",2024-11-06 10:47:00+01:00,2024-11-06 12:28:00+01:00,None,None
"WALK/8,47/423",2024-11-07 05:35:00+01:00,2024-11-07 07:14:00+01:00,None,None
"WALK/7,22/396",2024-11-07 11:05:00+01:00,2024-11-07 12:39:00+01:00,None,None
"WALK/7,91/458",2024-11-08 10:12:00+01:00,2024-11-08 11:57:00+01:00,None,None
Himpan,2024-07-12 12:45:00+00:00,2024-07-12 13:45:00+00:00,None,None
SWIM,2024-07-15 15:00:00+02:00,2024-07-15 16:00:00+02:00,None,None
SWIM,2024-08-05 13:00:00+00:00,2024-08-05 14:00:00+00:00,None,None
SWIM,2024-08-09 13:00:00+00:00,2024-08-09 14:00:00+00:00,None,None
SWIM 56 min,2024-08-12 13:00:00+00:00,2024-08-12 14:00:00+00:00,None,None
SWIM 1800m (58 min),2024-08-15 13:00:00+00:00,2024-08-15 14:00:00+00:00,None,None
SWIM,2024-08-19 15:30:00+02:00,2024-08-19 16:30:00+02:00,None,None
SWIM,2024-08-19 15:00:00+02:00,2024-08-19 16:00:00+02:00,None,None
SWIM,2024-08-29 14:45:00+02:00,2024-08-29 15:45:00+02:00,None,None
SWIM,2024-09-05 09:30:00+02:00,2024-09-05 10:30:00+02:00,None,None
SWIM,2024-09-18 15:00:00+02:00,2024-09-18 16:00:00+02:00,None,None
SWIM,2024-09-20 13:00:00+02:00,2024-09-20 14:00:00+02:00,None,None
SWIM,2024-09-26 13:00:00+02:00,2024-09-26 14:00:00+02:00,None,None
SWIM,2024-10-13 11:00:00+00:00,2024-10-13 12:00:00+00:00,None,None
SWUM,2024-09-30 14:00:00+02:00,2024-09-30 15:00:00+02:00,None,None
SWUM,2024-10-03 11:30:00+02:00,2024-10-03 12:30:00+02:00,None,None
BIKE,2024-10-08 14:00:00+02:00,2024-10-08 15:00:00+02:00,None,None
SWIM,2024-10-10 14:00:00+02:00,2024-10-10 15:00:00+02:00,None,None
SWIM 60,2024-10-15 12:00:00+00:00,2024-10-15 13:00:00+00:00,None,None
SWIM45,2024-10-18 12:00:00+00:00,2024-10-18 13:00:00+00:00,None,None
BIKE/RMP/188,2024-11-04 12:22:00+00:00,2024-11-04 12:53:00+00:00,None,None
STR/BODYPUMP/225,2024-11-04 13:00:00+00:00,2024-11-04 13:45:00+00:00,None,None
RUN/10km5'07''/505,2024-11-05 13:58:00+00:00,2024-11-05 15:14:00+00:00,None,None
BIKE/TRIP/472,2024-11-06 13:42:00+00:00,2024-11-06 14:47:00+00:00,None,None
Rest,2020-12-21 20:30:00+01:00,2020-12-22 04:00:00+01:00,None,None
Rest,2020-12-27 22:30:00+01:00,2020-12-28 06:00:00+01:00,None,None
Rest,2020-12-28 22:30:00+01:00,2020-12-29 06:00:00+01:00,None,None
Rest,2021-01-03 22:00:00+01:00,2021-01-04 05:30:00+01:00,None,None
Rest,2021-01-04 22:30:00+01:00,2021-01-05 05:30:00+01:00,None,None
Rest,2021-01-10 21:00:00+01:00,2021-01-11 04:30:00+01:00,None,None
Rest,2021-01-11 21:00:00+01:00,2021-01-12 04:30:00+01:00,None,None
Rest,2021-01-17 22:00:00+01:00,2021-01-18 05:30:00+01:00,None,None
Rest,2021-01-18 22:00:00+01:00,2021-01-19 05:30:00+01:00,None,None
Rest,2021-01-24 21:00:00+01:00,2021-01-25 04:30:00+01:00,None,None
Rest,2021-01-25 21:00:00+01:00,2021-01-26 04:30:00+01:00,None,None
REST,2021-02-04 14:30:00+01:00,2021-02-04 15:00:00+01:00,None,None
Rest,2021-02-01 21:00:00+01:00,2021-02-02 04:30:00+01:00,None,None
Rest,2021-02-08 20:30:00+01:00,2021-02-09 04:00:00+01:00,None,None
Rest,2021-03-01 20:30:00+01:00,2021-03-02 04:00:00+01:00,None,None
Rest,2021-03-08 22:30:00+01:00,2021-03-09 05:45:00+01:00,None,None
Rest,2021-03-15 20:30:00+01:00,2021-03-16 03:45:00+01:00,None,None
Rest,2021-04-05 20:00:00+02:00,2021-04-06 03:30:00+02:00,None,None
Rest,2021-05-02 20:00:00+02:00,2021-05-03 03:30:00+02:00,None,None
Rest,2021-05-03 20:00:00+02:00,2021-05-04 03:30:00+02:00,None,None
Rest,2021-07-18 22:00:00+02:00,2021-07-19 05:30:00+02:00,None,None
Rest,2021-07-25 22:00:00+02:00,2021-07-26 05:30:00+02:00,None,None
Rest,2021-08-01 22:00:00+02:00,2021-08-02 05:30:00+02:00,None,None
Rest,2021-08-02 22:00:00+02:00,2021-08-03 05:30:00+02:00,None,None
Rest,2021-08-08 20:30:00+02:00,2021-08-09 04:00:00+02:00,None,None
Rest,2021-08-15 20:00:00+02:00,2021-08-16 03:30:00+02:00,None,None
Rest,2021-08-09 20:30:00+02:00,2021-08-10 04:00:00+02:00,None,None
Rest,2021-08-16 20:00:00+02:00,2021-08-17 03:30:00+02:00,None,None
Rest,2021-09-01 20:00:00+02:00,2021-09-02 03:30:00+02:00,None,None
Rest,2021-09-02 20:30:00+02:00,2021-09-03 04:00:00+02:00,None,None
Rest,2021-09-06 20:30:00+02:00,2021-09-07 04:00:00+02:00,None,None
Rest,2021-09-22 20:00:00+02:00,2021-09-23 03:30:00+02:00,None,None
Rest,2021-12-20 20:30:00+01:00,2021-12-21 04:00:00+01:00,None,None
Rest,2021-12-26 20:00:00+01:00,2021-12-27 03:30:00+01:00,None,None
Rest,2021-12-27 20:00:00+01:00,2021-12-28 03:30:00+01:00,None,None
Rest,2022-01-17 23:00:00+01:00,2022-01-18 06:30:00+01:00,None,None
Rest,2022-01-23 22:00:00+01:00,2022-01-24 06:00:00+01:00,None,None
Rest,2022-01-24 22:00:00+01:00,2022-01-25 06:00:00+01:00,None,None
Rest,2022-01-30 21:30:00+01:00,2022-01-31 05:00:00+01:00,None,None
Rest,2022-01-31 21:30:00+01:00,2022-02-01 05:00:00+01:00,None,None
Rest,2022-02-06 20:30:00+01:00,2022-02-07 04:00:00+01:00,None,None
Rest,2022-02-07 20:30:00+01:00,2022-02-08 04:00:00+01:00,None,None
Rest,2022-02-09 22:00:00+01:00,2022-02-10 05:30:00+01:00,None,None
Rest,2022-03-20 20:00:00+01:00,2022-03-21 04:00:00+01:00,None,None
Rest,2021-04-24 20:00:00+02:00,2021-04-25 03:30:00+02:00,None,None
Rest,2022-03-21 20:00:00+01:00,2022-03-22 04:00:00+01:00,None,None
Rest,2022-04-11 20:00:00+02:00,2022-04-12 03:30:00+02:00,None,None
Rest,2022-04-10 20:00:00+02:00,2022-04-11 03:30:00+02:00,None,None
Rest,2022-06-12 21:30:00+02:00,2022-06-13 05:00:00+02:00,None,None
Rest,2022-07-11 23:00:00+02:00,2022-07-12 06:30:00+02:00,None,None
Rest,2022-07-31 22:00:00+02:00,2022-08-01 05:30:00+02:00,None,None
Rest,2022-07-12 23:00:00+02:00,2022-07-13 06:30:00+02:00,None,None
Rest,2022-07-24 22:30:00+02:00,2022-07-25 06:00:00+02:00,None,None
Rest,2022-07-18 22:00:00+02:00,2022-07-19 05:30:00+02:00,None,None
Rest,2022-07-17 22:00:00+02:00,2022-07-18 05:30:00+02:00,None,None
Rest,2022-08-01 22:00:00+02:00,2022-08-02 05:30:00+02:00,None,None
Rest,2022-08-21 21:00:00+02:00,2022-08-22 04:00:00+02:00,None,None
Rest,2022-09-12 21:00:00+02:00,2022-09-13 04:00:00+02:00,None,None
Rest,2022-09-23 22:00:00+02:00,2022-09-24 06:00:00+02:00,None,None
Rest,2022-09-26 22:30:00+02:00,2022-09-27 06:00:00+02:00,None,None
Rest,2022-09-27 22:30:00+02:00,2022-09-28 06:00:00+02:00,None,None
Rest,2022-09-25 22:30:00+02:00,2022-09-26 06:00:00+02:00,None,None
Rest,2022-09-28 22:30:00+02:00,2022-09-29 06:00:00+02:00,None,None
Rest,2022-10-02 20:30:00+02:00,2022-10-03 04:00:00+02:00,None,None
Rest,2022-10-17 20:00:00+02:00,2022-10-18 03:30:00+02:00,None,None
Rest,2022-10-24 21:00:00+02:00,2022-10-25 04:30:00+02:00,None,None
Rest,2022-10-28 22:30:00+02:00,2022-10-29 06:00:00+02:00,None,None
Rest,2022-10-29 22:30:00+02:00,2022-10-30 05:00:00+01:00,None,None
Rest,2022-10-31 21:00:00+01:00,2022-11-01 04:30:00+01:00,None,None
Rest,2022-11-14 21:00:00+01:00,2022-11-15 04:30:00+01:00,None,None
Rest,2022-11-17 20:30:00+01:00,2022-11-18 04:00:00+01:00,None,None
Rest,2022-11-28 20:30:00+01:00,2022-11-29 04:00:00+01:00,None,None
Rest,2022-12-05 22:00:00+01:00,2022-12-06 05:30:00+01:00,None,None
REST,2022-12-18 13:00:00+00:00,2022-12-18 14:00:00+00:00,None,None
REST,2023-01-01 13:00:00+00:00,2023-01-01 14:00:00+00:00,None,None
REST,2023-01-13 13:00:00+00:00,2023-01-13 14:00:00+00:00,None,None
REST,2023-01-28 13:00:00+00:00,2023-01-28 14:00:00+00:00,None,None
REST,2023-02-04 12:30:00+00:00,2023-02-04 13:30:00+00:00,None,None
Förkylningssymtom,2023-02-02 12:30:00+00:00,2023-02-02 13:30:00+00:00,None,None
Förkylningssymtom,2023-02-03 12:30:00+00:00,2023-02-03 13:30:00+00:00,None,None
REST,2023-02-05 12:30:00+00:00,2023-02-05 13:30:00+00:00,None,None
REST,2023-02-10 12:30:00+00:00,2023-02-10 14:00:00+00:00,None,None
REST,2023-02-12 12:30:00+00:00,2023-02-12 14:00:00+00:00,None,None
REST,2023-02-18 12:00:00+00:00,2023-02-18 13:30:00+00:00,None,None
REST (Dålig sömn),2023-03-04 13:00:00+00:00,2023-03-04 14:00:00+00:00,None,None
REST (Dålig sömn),2023-03-05 13:00:00+00:00,2023-03-05 14:00:00+00:00,None,None
Rest,2023-03-26 12:00:00+00:00,2023-03-26 13:00:00+00:00,None,None
REST,2023-03-01 14:00:00+01:00,2023-03-01 15:00:00+01:00,None,None
REST,2023-03-01 14:00:00+01:00,2023-03-01 15:00:00+01:00,None,None
REST,2023-03-17 06:00:00+01:00,2023-03-17 07:00:00+01:00,None,None
REST,2023-03-23 14:00:00+01:00,2023-03-23 15:00:00+01:00,None,None
REST,2023-04-05 17:00:00+00:00,2023-04-05 18:00:00+00:00,None,None
Rest,2022-12-11 20:30:00+01:00,2022-12-12 04:00:00+01:00,None,None
REST,2023-04-14 12:00:00+00:00,2023-04-14 13:00:00+00:00,None,None
Rest,2023-04-03 22:00:00+02:00,2023-04-04 05:30:00+02:00,None,None
Rest,2023-04-23 20:30:00+02:00,2023-04-24 04:00:00+02:00,None,None
Rest,2023-05-01 22:30:00+02:00,2023-05-02 06:00:00+02:00,None,None
Rest,2024-01-13 13:30:00+00:00,2024-01-13 14:30:00+00:00,None,None
Rest,2023-07-23 20:30:00+02:00,2023-07-24 04:00:00+02:00,None,None
Rest,2024-03-30 20:30:00+01:00,2024-03-31 04:00:00+02:00,None,None
Rest,2024-03-31 20:30:00+02:00,2024-04-01 04:00:00+02:00,None,None
Rest,2024-04-21 20:30:00+02:00,2024-04-22 04:00:00+02:00,None,None
Rest,2024-04-28 20:30:00+02:00,2024-04-29 04:30:00+02:00,None,None
Rest,2024-07-21 21:00:00+02:00,2024-07-22 05:00:00+02:00,None,None
Rest,2024-04-29 21:00:00+02:00,2024-04-30 05:00:00+02:00,None,None
REST,2024-08-23 13:00:00+00:00,2024-08-23 14:00:00+00:00,None,None
Rest,2024-07-22 20:00:00+02:00,2024-07-23 04:00:00+02:00,None,None
SLEEP,2024-11-03 19:39:00+01:00,2024-11-04 04:11:00+01:00,None,None
SLEEP,2024-11-04 19:53:00+01:00,2024-11-05 04:16:00+01:00,None,None
SLEEP,2024-11-05 20:00:00+01:00,2024-11-06 04:12:00+01:00,None,None
SLEEP,2024-11-06 20:40:00+01:00,2024-11-07 05:22:00+01:00,None,None
SLEEP,2024-11-07 20:00:00+01:00,2024-11-08 04:00:00+01:00,None,None
